slug,photoIndex,imageUrl,sourcePageUrl,author,license,licenseUrl,width,height,verified,notes
adria-international-raceway,1,https://upload.wikimedia.org/wikipedia/commons/e/ed/-_ITALY_-_ITALIA_Adria_Raceway.JPG,https://commons.wikimedia.org/wiki/File:-_ITALY_-_ITALIA_Adria_Raceway.JPG,Pava,CC BY-SA 3.0 it,https://creativecommons.org/licenses/by-sa/3.0/it/deed.en,1632,1224,yes,Track with pit-straight fencing and grandstand at Adria International Raceway
adria-international-raceway,2,https://upload.wikimedia.org/wikipedia/commons/e/e6/Adria_International_Raceway%2C_front_gate.jpg,"https://commons.wikimedia.org/wiki/File:Adria_International_Raceway,_front_gate.jpg",Threecharlie,CC BY-SA 3.0,https://creativecommons.org/licenses/by-sa/3.0,3968,2976,yes,Main entrance gate with Adria International Raceway signage
adria-international-raceway,0,https://upload.wikimedia.org/wikipedia/commons/c/c5/Adria_International_Raceway%2C_torre_%28Cavanella_Po%2C_Adria%29.JPG,"https://commons.wikimedia.org/wiki/File:Adria_International_Raceway,_torre_(Cavanella_Po,_Adria).JPG",Threecharlie,CC BY-SA 3.0,https://creativecommons.org/licenses/by-sa/3.0,2079,2771,no,"Close-up of control tower, mostly reflective facade; not best venue shot"
adria-international-raceway,0,https://upload.wikimedia.org/wikipedia/commons/6/6a/Adria_International_Raceway%2C_dettaglio_box_%28Cavanella_Po%2C_Adria%29.JPG,"https://commons.wikimedia.org/wiki/File:Adria_International_Raceway,_dettaglio_box_(Cavanella_Po,_Adria).JPG",Threecharlie,CC BY-SA 3.0,https://creativecommons.org/licenses/by-sa/3.0,3968,2976,no,"Empty pit garage interior detail, less representative"
ahvenisto-race-circuit,1,https://upload.wikimedia.org/wikipedia/commons/6/6e/Ahveniston_Moottorirata_29.7.2016.jpg,https://commons.wikimedia.org/wiki/File:Ahveniston_Moottorirata_29.7.2016.jpg,Jaakko Virtanen,CC BY-SA 4.0,https://creativecommons.org/licenses/by-sa/4.0,3888,2592,yes,"Aerial view of Ahvenisto circuit in forest, Hämeenlinna"
ahvenisto-race-circuit,2,https://upload.wikimedia.org/wikipedia/commons/0/0e/Ahvenisto_first_corner.jpg,https://commons.wikimedia.org/wiki/File:Ahvenisto_first_corner.jpg,No machine-readable author provided. Jannerr~commonswiki assumed (based on copyright claims).,CC BY-SA 3.0,http://creativecommons.org/licenses/by-sa/3.0/,2592,1944,yes,Cars racing through first corner at Ahvenisto
ahvenisto-race-circuit,0,https://upload.wikimedia.org/wikipedia/commons/7/72/Rautj%C3%A4rvi_Ahvenistolla_2021.jpg,https://commons.wikimedia.org/wiki/File:Rautj%C3%A4rvi_Ahvenistolla_2021.jpg,Jussi Rantala / Race Kuvat. Rantala says on the website that every picture is free to use in media and internet.,CC BY-SA 4.0,https://creativecommons.org/licenses/by-sa/4.0,2048,1365,no,Close-up of a race car; venue barely visible
aintree-motor-racing-circuit,1,https://upload.wikimedia.org/wikipedia/commons/a/a2/Anchor_Crossing%2C_British_Grand_Prix%2C_1961_geograph-2741605-by-John-Goldsmith.jpg,"https://commons.wikimedia.org/wiki/File:Anchor_Crossing,_British_Grand_Prix,_1961_geograph-2741605-by-John-Goldsmith.jpg",John Goldsmith,CC BY-SA 2.0,https://creativecommons.org/licenses/by-sa/2.0,1932,1314,yes,"1961 British Grand Prix at Aintree, cars on track with trackside hoardings (historic photo)"
aintree-motor-racing-circuit,0,https://upload.wikimedia.org/wikipedia/commons/5/50/Vanwall_VW5_Aintree_1957.jpg,https://commons.wikimedia.org/wiki/File:Vanwall_VW5_Aintree_1957.jpg,"Terry Whalebone from Bolton, UK",CC BY 2.0,https://creativecommons.org/licenses/by/2.0,1285,951,no,Close-up of Vanwall car with crew before the race; venue not shown
almeria-circuit,1,https://upload.wikimedia.org/wikipedia/commons/2/2b/Circuito_de_Almer%C3%ADa.jpg,https://commons.wikimedia.org/wiki/File:Circuito_de_Almer%C3%ADa.jpg,Underwear69,CC BY-SA 4.0,https://creativecommons.org/licenses/by-sa/4.0,1280,565,yes,Aerial view of Circuito de Almería layout
almeria-circuit,2,https://upload.wikimedia.org/wikipedia/commons/d/d1/Recta_de_meta%3B_circuito_de_Almer%C3%ADa.jpg,https://commons.wikimedia.org/wiki/File:Recta_de_meta;_circuito_de_Almer%C3%ADa.jpg,Underwear69,CC BY-SA 4.0,https://creativecommons.org/licenses/by-sa/4.0,2048,1365,yes,Motorcycle race start on the main straight at Circuito de Almería
almeria-circuit,0,https://upload.wikimedia.org/wikipedia/commons/0/04/Curva_del_final_de_recta_de_meta.jpg,https://commons.wikimedia.org/wiki/File:Curva_del_final_de_recta_de_meta.jpg,Underwear69,CC BY-SA 4.0,https://creativecommons.org/licenses/by-sa/4.0,4000,2250,no,Empty track corner in desert; surplus/less distinctive
almeria-circuit,0,https://upload.wikimedia.org/wikipedia/commons/9/9f/Final_de_recta_de_meta.jpg,https://commons.wikimedia.org/wiki/File:Final_de_recta_de_meta.jpg,Underwear69,CC BY-SA 4.0,https://creativecommons.org/licenses/by-sa/4.0,3596,2250,no,"Low-quality track-edge shot, surplus"
anneau-du-rhin,1,https://upload.wikimedia.org/wikipedia/commons/6/6f/Anneau_du_Rhin_004.JPG,https://commons.wikimedia.org/wiki/File:Anneau_du_Rhin_004.JPG,Arnaud 25,CC BY-SA 3.0,https://creativecommons.org/licenses/by-sa/3.0,1600,1200,yes,Track seen over tyre wall at Anneau du Rhin
anneau-du-rhin,2,https://upload.wikimedia.org/wikipedia/commons/e/e5/Anneau_du_Rhin_001.JPG,https://commons.wikimedia.org/wiki/File:Anneau_du_Rhin_001.JPG,Arnaud 25,CC BY-SA 3.0,https://creativecommons.org/licenses/by-sa/3.0,1600,1200,yes,Entrance road and sign for driving courses at Anneau du Rhin
anneau-du-rhin,0,https://upload.wikimedia.org/wikipedia/commons/3/38/Anneau_du_Rhin_051.JPG,https://commons.wikimedia.org/wiki/File:Anneau_du_Rhin_051.JPG,Arnaud 25,CC BY-SA 3.0,https://creativecommons.org/licenses/by-sa/3.0,1600,1200,no,Workshop interior with cars; not showing track
anneau-du-rhin,0,https://upload.wikimedia.org/wikipedia/commons/6/6e/Anneau_du_Rhin_035.JPG,https://commons.wikimedia.org/wiki/File:Anneau_du_Rhin_035.JPG,Arnaud 25,CC BY-SA 3.0,https://creativecommons.org/licenses/by-sa/3.0,1600,1200,no,Truck and motorcycle in car park; weak
anneau-du-rhin,0,https://upload.wikimedia.org/wikipedia/commons/c/ca/Anneau_du_Rhin_033.JPG,https://commons.wikimedia.org/wiki/File:Anneau_du_Rhin_033.JPG,Arnaud 25,CC BY-SA 3.0,https://creativecommons.org/licenses/by-sa/3.0,1600,1200,no,Close-up of motorcycle
anneau-du-rhin,0,https://upload.wikimedia.org/wikipedia/commons/9/9d/Anneau_du_Rhin_034.JPG,https://commons.wikimedia.org/wiki/File:Anneau_du_Rhin_034.JPG,Arnaud 25,CC BY-SA 3.0,https://creativecommons.org/licenses/by-sa/3.0,1600,1200,no,Close-up of motorcycles
anneau-du-rhin,0,https://upload.wikimedia.org/wikipedia/commons/5/5d/Anneau_du_Rhin_050.JPG,https://commons.wikimedia.org/wiki/File:Anneau_du_Rhin_050.JPG,Arnaud 25,CC BY-SA 3.0,https://creativecommons.org/licenses/by-sa/3.0,1600,1200,no,Close-up of Ferrari at garage
arctic-circle-raceway,0,https://upload.wikimedia.org/wikipedia/commons/d/dc/TeamImpact.jpg,https://commons.wikimedia.org/wiki/File:TeamImpact.jpg,Mathias Tustervatn,CC BY-SA 4.0,https://creativecommons.org/licenses/by-sa/4.0,1024,683,no,Mechanic working under a car in a paddock; venue not shown
arroyo-seco-raceway,1,https://upload.wikimedia.org/wikipedia/commons/6/6f/Arroyo_Seco_Raceway_aerial_photo_2022-05-20.jpg,https://commons.wikimedia.org/wiki/File:Arroyo_Seco_Raceway_aerial_photo_2022-05-20.jpg,National Agriculture Imagery Program,Public domain,,1830,794,yes,Aerial photo of Arroyo Seco Raceway circuit in the desert (Deming NM)
autobahn-country-club,1,https://upload.wikimedia.org/wikipedia/commons/f/f8/Autobahn_Country_Club_orthophoto_2010-04-01.jpg,https://commons.wikimedia.org/wiki/File:Autobahn_Country_Club_orthophoto_2010-04-01.jpg,United States Geological Survey,Public domain,,8672,10784,yes,USGS aerial orthophoto of Autobahn Country Club circuits in Joliet
autobahn-country-club,0,https://upload.wikimedia.org/wikipedia/commons/d/d4/Autobahn_Country_Club_IMG_1427_%284939861185%29.jpg,https://commons.wikimedia.org/wiki/File:Autobahn_Country_Club_IMG_1427_(4939861185).jpg,"gavin rice from milwaukee, usa",CC BY 2.0,https://creativecommons.org/licenses/by/2.0,2952,2107,no,Porsche on track; car close-up dominates
autobahn-country-club,0,https://upload.wikimedia.org/wikipedia/commons/b/b7/Autobahn_Country_Club_IMG_1476_%284939866019%29.jpg,https://commons.wikimedia.org/wiki/File:Autobahn_Country_Club_IMG_1476_(4939866019).jpg,"gavin rice from milwaukee, usa",CC BY 2.0,https://creativecommons.org/licenses/by/2.0,3345,1860,no,Close-up of Cobra replica on track
autodrom-bilgoraj,1,https://upload.wikimedia.org/wikipedia/commons/3/3f/BilgorajAutodrom.jpg,https://commons.wikimedia.org/wiki/File:BilgorajAutodrom.jpg,Rafał Pawłowski,Public domain,,2592,1944,yes,Karting track surface at Biłgoraj with pit buildings in background
autodrom-pomorze-tor-pszczolki,1,https://upload.wikimedia.org/wikipedia/commons/a/a0/ODTJ_Autodrom_Pomorze_zdj.2.jpg,https://commons.wikimedia.org/wiki/File:ODTJ_Autodrom_Pomorze_zdj.2.jpg,Autodrom1,CC BY-SA 4.0,https://creativecommons.org/licenses/by-sa/4.0,3992,2992,yes,Night aerial view of the lit Autodrom Pomorze track
autodrom-pomorze-tor-pszczolki,2,https://upload.wikimedia.org/wikipedia/commons/a/af/DMP_Pszcz%C3%B3%C5%82ki.jpg,https://commons.wikimedia.org/wiki/File:DMP_Pszcz%C3%B3%C5%82ki.jpg,Autodrom1,CC BY-SA 4.0,https://creativecommons.org/licenses/by-sa/4.0,6000,4000,yes,Drift cars on the track at Pszczółki with paddock and tower visible
autodrom-pomorze-tor-pszczolki,0,https://upload.wikimedia.org/wikipedia/commons/1/1c/Sesje_treningowe_motocyklist%C3%B3w.jpg,https://commons.wikimedia.org/wiki/File:Sesje_treningowe_motocyklist%C3%B3w.jpg,Autodrom1,CC BY-SA 4.0,https://creativecommons.org/licenses/by-sa/4.0,3961,2636,no,Close-up of motorcyclist; venue barely visible
autodrom-pomorze-tor-pszczolki,0,https://upload.wikimedia.org/wikipedia/commons/f/f8/Autodrom_Pomorze_%283%29.jpg,https://commons.wikimedia.org/wiki/File:Autodrom_Pomorze_(3).jpg,Autodrom1,CC BY-SA 4.0,https://creativecommons.org/licenses/by-sa/4.0,3281,2179,no,Off-road SUV in mud; not the circuit
autodrom-slomczyn,0,https://upload.wikimedia.org/wikipedia/commons/d/de/ERX_2009_Poland_001.jpg,https://commons.wikimedia.org/wiki/File:ERX_2009_Poland_001.jpg,Lennart Pettersson / Škoda Sweden,CC BY 3.0,https://creativecommons.org/licenses/by/3.0,3559,2030,no,Podium portrait of drivers; venue not shown
autodrom-sosnova,1,https://upload.wikimedia.org/wikipedia/commons/1/19/Autodrom_Sosnov%C3%A12.jpg,https://commons.wikimedia.org/wiki/File:Autodrom_Sosnov%C3%A12.jpg,Zákupák,Public domain,,3648,2736,yes,Track curve with grandstand and paddock buildings at Autodrom Sosnová
autodrom-sosnova,2,https://upload.wikimedia.org/wikipedia/commons/6/69/Autodrom_Sosnov%C3%A11.jpg,https://commons.wikimedia.org/wiki/File:Autodrom_Sosnov%C3%A11.jpg,Zákupák,Public domain,,3648,2736,yes,Track bend with sponsor banners at Autodrom Sosnová
autodrom-sosnova,0,https://upload.wikimedia.org/wikipedia/commons/c/cd/Policejn%C3%AD_z%C3%A1sah_den_s_polici%C3%AD_Sosnov%C3%A1.jpg,https://commons.wikimedia.org/wiki/File:Policejn%C3%AD_z%C3%A1sah_den_s_polici%C3%AD_Sosnov%C3%A1.jpg,Fotografpabel,CC BY-SA 4.0,https://creativecommons.org/licenses/by-sa/4.0,2159,1440,no,Police training demonstration; close-up of people and car
autodrome-de-linas-montlhery,1,https://upload.wikimedia.org/wikipedia/commons/1/10/L%27autodrome_de_Linas-Montlh%C3%A9ry_en_1924.jpg,https://commons.wikimedia.org/wiki/File:L%27autodrome_de_Linas-Montlh%C3%A9ry_en_1924.jpg,Le Miroir des sports,Public domain,,1116,530,yes,Historic 1924 aerial photograph of the Montlhéry banked oval
autodrome-de-linas-montlhery,0,https://upload.wikimedia.org/wikipedia/commons/1/1d/Autodrome_Linas-Montlh%C3%A9ry.jpg,https://commons.wikimedia.org/wiki/File:Autodrome_Linas-Montlh%C3%A9ry.jpg,Céréales Killer,CC BY-SA 3.0,http://creativecommons.org/licenses/by-sa/3.0/,768,576,no,Small (768px) shot of a single-seater on a wooded road-course section; low quality
autodrome-de-linas-montlhery,0,https://upload.wikimedia.org/wikipedia/commons/f/fe/2336_Fot_Linas-Montlh%C3%A9ry_-_wikir.jpg,https://commons.wikimedia.org/wiki/File:2336_Fot_Linas-Montlh%C3%A9ry_-_wikir.jpg,Unknown authorUnknown author,Public domain,,1200,829,no,Historic construction photo with workers; not a venue view
autodrome-de-linas-montlhery,0,https://upload.wikimedia.org/wikipedia/commons/0/03/1950-07-23_12h_Paris_Montlh%C3%A9ry_Ferrari_0014M_0052M.jpg,https://commons.wikimedia.org/wiki/File:1950-07-23_12h_Paris_Montlh%C3%A9ry_Ferrari_0014M_0052M.jpg,Unknown photographer. From the Pilette archives.[3],Public domain,,960,592,no,Cars and crowd; venue barely visible
autodromo-ciudad-de-parana,1,https://upload.wikimedia.org/wikipedia/commons/2/23/Aut%C3%B3dromo_Ciudad_de_Paran%C3%A1_10.jpg,https://commons.wikimedia.org/wiki/File:Aut%C3%B3dromo_Ciudad_de_Paran%C3%A1_10.jpg,Adriel anv00,CC BY-SA 4.0,https://creativecommons.org/licenses/by-sa/4.0,3648,2736,yes,Main straight and pit wall with Municipal de Paraná signage
autodromo-ciudad-de-parana,2,https://upload.wikimedia.org/wikipedia/commons/d/d3/Aut%C3%B3dromo_Ciudad_de_Paran%C3%A1_02.jpg,https://commons.wikimedia.org/wiki/File:Aut%C3%B3dromo_Ciudad_de_Paran%C3%A1_02.jpg,Adriel anv00,CC BY-SA 4.0,https://creativecommons.org/licenses/by-sa/4.0,960,576,yes,Start/finish straight with control tower and gantry (960px wide)
autodromo-ciudad-de-parana,0,https://upload.wikimedia.org/wikipedia/commons/5/5f/Aut%C3%B3dromo_Ciudad_de_Paran%C3%A1_05.jpg,https://commons.wikimedia.org/wiki/File:Aut%C3%B3dromo_Ciudad_de_Paran%C3%A1_05.jpg,Adriel anv00,CC BY-SA 4.0,https://creativecommons.org/licenses/by-sa/4.0,960,576,no,Main straight; near-duplicate of other views
autodromo-ciudad-de-parana,0,https://upload.wikimedia.org/wikipedia/commons/4/41/Aut%C3%B3dromo_Ciudad_de_Paran%C3%A1_11.jpg,https://commons.wikimedia.org/wiki/File:Aut%C3%B3dromo_Ciudad_de_Paran%C3%A1_11.jpg,Adriel anv00,CC BY-SA 4.0,https://creativecommons.org/licenses/by-sa/4.0,4608,3456,no,Pit wall and straight; near-duplicate of other views
autodromo-ciudad-de-rafaela,1,https://upload.wikimedia.org/wikipedia/commons/6/65/TC_Rafaela_2007.png,https://commons.wikimedia.org/wiki/File:TC_Rafaela_2007.png,Adriel anv00,CC BY-SA 4.0,https://creativecommons.org/licenses/by-sa/4.0,1820,1092,yes,Turismo Carretera cars racing on the Rafaela circuit with grandstands behind
autodromo-ciudad-de-rafaela,2,https://upload.wikimedia.org/wikipedia/commons/d/d3/Autodromo_de_Rafaela_-_300_Millas_Indy.JPG,https://commons.wikimedia.org/wiki/File:Autodromo_de_Rafaela_-_300_Millas_Indy.JPG,Unknown authorUnknown author,Public domain,,2059,1329,yes,Historic grid before the 300 Millas Indy with packed grandstand at Rafaela
autodromo-ciudad-de-san-martin-jorge-angel-pena,0,https://upload.wikimedia.org/wikipedia/commons/8/81/German_Sirvent_-_Top_Race_V6_2013_-_Mendoza.jpg,https://commons.wikimedia.org/wiki/File:German_Sirvent_-_Top_Race_V6_2013_-_Mendoza.jpg,Germansirvent,CC BY-SA 3.0,https://creativecommons.org/licenses/by-sa/3.0,800,600,no,Close-up of two race cars; venue barely visible
autodromo-ciudad-de-san-martin-jorge-angel-pena,0,https://upload.wikimedia.org/wikipedia/commons/4/42/German_Sirvent_-_Top_Race_Series_V6_2012_-_II.jpg,https://commons.wikimedia.org/wiki/File:German_Sirvent_-_Top_Race_Series_V6_2012_-_II.jpg,Germansirvent,CC BY-SA 3.0,https://creativecommons.org/licenses/by-sa/3.0,1643,1088,no,Driver portrait in garage
autodromo-de-concepcion-del-uruguay,1,https://upload.wikimedia.org/wikipedia/commons/b/b9/Aut%C3%B3dromo_de_Concepci%C3%B3n_del_Uruguay_2017_%281%29.jpg,https://commons.wikimedia.org/wiki/File:Aut%C3%B3dromo_de_Concepci%C3%B3n_del_Uruguay_2017_(1).jpg,Adriel anv00,CC BY-SA 4.0,https://creativecommons.org/licenses/by-sa/4.0,4608,3456,yes,Main straight with Concepción signage on pit wall
autodromo-de-concepcion-del-uruguay,2,https://upload.wikimedia.org/wikipedia/commons/7/77/Aut%C3%B3dromo_de_Concepci%C3%B3n_del_Uruguay_2017_%284%29.jpg,https://commons.wikimedia.org/wiki/File:Aut%C3%B3dromo_de_Concepci%C3%B3n_del_Uruguay_2017_(4).jpg,Adriel anv00,CC BY-SA 4.0,https://creativecommons.org/licenses/by-sa/4.0,4608,3456,yes,Control tower and pit building seen across the track
autodromo-de-concepcion-del-uruguay,0,https://upload.wikimedia.org/wikipedia/commons/8/86/Aut%C3%B3dromo_de_Concepci%C3%B3n_del_Uruguay_2017_%287%29.jpg,https://commons.wikimedia.org/wiki/File:Aut%C3%B3dromo_de_Concepci%C3%B3n_del_Uruguay_2017_(7).jpg,Adriel anv00,CC BY-SA 4.0,https://creativecommons.org/licenses/by-sa/4.0,4608,3456,no,Empty corner; surplus
autodromo-de-queretaro,0,https://upload.wikimedia.org/wikipedia/commons/c/cb/Parrilla_Quer%C3%A9taro_%28827818197%29.jpg,https://commons.wikimedia.org/wiki/File:Parrilla_Quer%C3%A9taro_(827818197).jpg,"Victor Pineda from México City, Mexico",CC BY-SA 2.0,https://creativecommons.org/licenses/by-sa/2.0,1280,960,no,Race grid; cannot confirm it is the current San Rafael circuit (several Querétaro tracks)
autodromo-de-tocancipa,1,https://upload.wikimedia.org/wikipedia/commons/7/7e/Aut%C3%B3dromo_de_Tocancip%C3%A1_-_panoramio.jpg,https://commons.wikimedia.org/wiki/File:Aut%C3%B3dromo_de_Tocancip%C3%A1_-_panoramio.jpg,Javier Lopez,CC BY 3.0,https://creativecommons.org/licenses/by/3.0,4608,3456,yes,"Pit straight with crowd, paddock tents and bridge at Autódromo de Tocancipá"
autodromo-de-tocancipa,2,https://upload.wikimedia.org/wikipedia/commons/a/ae/Aut%C3%B3dromo_de_Tocancip%C3%A1_-_panoramio_%281%29.jpg,https://commons.wikimedia.org/wiki/File:Aut%C3%B3dromo_de_Tocancip%C3%A1_-_panoramio_(1).jpg,Javier Lopez,CC BY 3.0,https://creativecommons.org/licenses/by/3.0,4608,3456,yes,"Track, pit lane and timing tower at Autódromo de Tocancipá"
autodromo-de-tocancipa,0,https://upload.wikimedia.org/wikipedia/commons/d/d0/Recta_Principal_del_Kartodromo_Juan_Pablo_Montoya.jpg,https://commons.wikimedia.org/wiki/File:Recta_Principal_del_Kartodromo_Juan_Pablo_Montoya.jpg,WikiQualiter,CC BY-SA 4.0,https://creativecommons.org/licenses/by-sa/4.0,5184,3456,no,Karting straight; cannot confirm it belongs to this venue
autodromo-dellumbria-magione,1,https://upload.wikimedia.org/wikipedia/commons/2/26/Magione_Autodrome_-_January_1973.jpg,https://commons.wikimedia.org/wiki/File:Magione_Autodrome_-_January_1973.jpg,Unknown authorUnknown author,Public domain,,3708,2504,yes,Historic 1973 aerial view of Magione Autodrome (public domain)
autodromo-dellumbria-magione,0,https://upload.wikimedia.org/wikipedia/commons/2/25/Panigale_V4_%28255160039%29.jpeg,https://commons.wikimedia.org/wiki/File:Panigale_V4_(255160039).jpeg,Alessio Moscetti,CC0,http://creativecommons.org/publicdomain/zero/1.0/deed.en,2048,1362,no,Motorcycle close-up
autodromo-di-franciacorta-porsche-experience-center-franciacorta,1,https://upload.wikimedia.org/wikipedia/commons/8/88/Autodromo_di_Franciacorta_05-08_-_panoramio.jpg,https://commons.wikimedia.org/wiki/File:Autodromo_di_Franciacorta_05-08_-_panoramio.jpg,adirricor,CC BY 3.0,https://creativecommons.org/licenses/by/3.0,1024,768,yes,Track and infield with main building at Autodromo di Franciacorta
autodromo-di-franciacorta-porsche-experience-center-franciacorta,2,https://upload.wikimedia.org/wikipedia/commons/6/68/Massimiliano_Clerici_Stilo_Corse_Franciacorta_rain.JPG,https://commons.wikimedia.org/wiki/File:Massimiliano_Clerici_Stilo_Corse_Franciacorta_rain.JPG,Aloha71,CC BY-SA 3.0,https://creativecommons.org/licenses/by-sa/3.0,4266,2844,yes,Formula cars racing on the wet track at Franciacorta
autodromo-di-franciacorta-porsche-experience-center-franciacorta,0,https://upload.wikimedia.org/wikipedia/commons/6/6e/Nicola_Larini_Nascar_Euro_Series.jpg,https://commons.wikimedia.org/wiki/File:Nicola_Larini_Nascar_Euro_Series.jpg,Giorgio Scalvini,CC BY-SA 4.0,https://creativecommons.org/licenses/by-sa/4.0,4160,3120,no,Close-up of NASCAR car in garage with crew
