slug,photosFound,photosVerified,notes
"collie-motorplex","0","0","No Commons images of the venue (searches return only Collie town photos)"
"darana-heartland-motorsports-park","8","2","Only Commons photos are 1990s images of Heartland Park Topeka (same Topeka KS site, now Darana-Heartland); dated photos, two selected"
"darley-moor-circuit","5","2","Two geograph photos of circuit selected; airfield aerial rejected (pilot/wing in frame)"
"daytona-circuit","0","0","No usable Commons images (only one with unacceptable licence)"
"daytona-international-speedway","6","2","Plenty of images; selected track-view from grandstand and wall/grandstand shot"
"dezzi-raceway","0","0","No Commons images of the venue"
"dominion-raceway","1","1","Only one Commons image (grandstand with signage); no second found"
"donnybrook-raceway","0","0","No Commons images of the venue"
"dover-raceway","0","0","No images for Jamaica venue; Dover International Speedway (Delaware) results ignored as different venue"
"dragon-race-track-pista-drakon","1","1","Only one low-resolution (500px) public domain aerial; accepted as only available shot"
"drivecenter-arena","0","0","No Commons images"
"driveit-nq","0","0","No acceptable Commons images (all results hidden by licence filter)"
"driving-center-gross-dolln","0","0","Only an OpenStreetMap map image; no photos"
"dubai-autodrome","3","2","Selected finish-line/grandstand view and hazy 2007 aerial; many Jaguar and 24H car photos skipped (car close-ups)"
"eagles-canyon-raceway","2","1","Only USGS aerial orthophotos (2015 and 2022); kept one, other is near-duplicate"
"east-london-grand-prix-circuit","0","0","Only track maps/diagrams on Commons (Prince George Circuit); no photos"
"ebisu-circuit","4","2","Two public-domain photos selected (hairpin and paddock area); 2023 aerial rejected for plain Attribution licence"
"esporte-clube-piracicabano-de-automobilismo-ecpa","0","0","No Commons images of the club/track"
"euromarque-motorsport-park-ruapuna","0","0","Only circuit maps on Commons; no photos"
"eurospeedway-lausitz-lausitzring","8","2","Many good images; selected grandstand/pit view and main grandstand exterior"
"everland-speedway","1","0","Only a formula-car close-up and an unrelated portrait; rejected"
"falkenbergs-motorbana","5","2","Selected pits/control tower and chicane; other corner shots surplus"
"fdm-sjaellandsringen","0","0","No Commons images found under any name variant"
"firebird-motorsports-park","3","1","One aerial of Firebird International Raceway complex; other images are driver/rider close-ups"
"florida-international-rally-and-motorsport-park-the-firm","1","1","Only the entrance gate photo is available and acceptable"
"frankie-boodram-wallerfield-international-raceway","1","1","One aerial photo only"
"fuji-speedway","6","2","Plenty of images; selected grandstand and start-finish views"
"g2-motorsports-park","0","0","No Commons images"
"gellerasen-arena","4","2","Two adjacent views of the track at Karlskoga (Gelleråsen); police motorcycle photos rejected"
"geoparc-saint-die","0","0","No Commons images"
"gingerman-raceway","2","0","Only Gridlife drift/time-attack car close-ups; venue barely visible"
"goodwood-motor-circuit","5","2","Selected circuit/timing tower view and grandstand/timing tower; others surplus or low-res"
"gotland-ring","0","0","No Commons images (search matched unrelated Gotland ring objects)"
