slug,photoIndex,imageUrl,sourcePageUrl,sourceType,author,license,licenseUrl
three-sisters-circuit,1,https://upload.wikimedia.org/wikipedia/commons/4/4d/Three_Sisters_Race_Track_-_geograph.org.uk_-_1708954.jpg,https://commons.wikimedia.org/wiki/File:Three_Sisters_Race_Track_-_geograph.org.uk_-_1708954.jpg,wikimedia,Chris Page,CC BY-SA 2.0,https://creativecommons.org/licenses/by-sa/2.0
three-sisters-circuit,2,https://upload.wikimedia.org/wikipedia/commons/c/cf/Main_Straight_%5E_Pits_at_Three_Sisters_Race_Track_-_geograph.org.uk_-_3675448.jpg,https://commons.wikimedia.org/wiki/File:Main_Straight_%5E_Pits_at_Three_Sisters_Race_Track_-_geograph.org.uk_-_3675448.jpg,wikimedia,Richard Cooke,CC BY-SA 2.0,https://creativecommons.org/licenses/by-sa/2.0
autodromo-parque-ciudad-de-rio-cuarto,1,https://upload.wikimedia.org/wikipedia/commons/1/1b/Franco_Boncuero%2C_TCPM%2C_Rio_Cuarto_2022.jpg,"https://commons.wikimedia.org/wiki/File:Franco_Boncuero,_TCPM,_Rio_Cuarto_2022.jpg",wikimedia,Auto-press-maker,CC BY-SA 4.0,https://creativecommons.org/licenses/by-sa/4.0
autodromo-parque-ciudad-de-rio-cuarto,2,https://upload.wikimedia.org/wikipedia/commons/6/63/Franco_Boncuero%2C_TCPM%2C_Rio_Cuarto_2022_01.jpg,"https://commons.wikimedia.org/wiki/File:Franco_Boncuero,_TCPM,_Rio_Cuarto_2022_01.jpg",wikimedia,Auto-press-maker,CC BY-SA 4.0,https://creativecommons.org/licenses/by-sa/4.0
a1-motor-park,1,https://upload.wikimedia.org/wikipedia/commons/8/89/A1_motor_park_main_entrance.jpg,https://commons.wikimedia.org/wiki/File:A1_motor_park_main_entrance.jpg,wikimedia,Krasiwd,CC0,http://creativecommons.org/publicdomain/zero/1.0/deed.en
a1-motor-park,2,https://upload.wikimedia.org/wikipedia/commons/5/54/A1-motor-park.png,https://commons.wikimedia.org/wiki/File:A1-motor-park.png,wikimedia,Vm.vadim,CC0,http://creativecommons.org/publicdomain/zero/1.0/deed.en
autodromo-pedro-cofino-los-volcanes,1,https://upload.wikimedia.org/wikipedia/commons/d/d3/Circuito_Pedro_Cofi%C3%B1o.jpg,https://commons.wikimedia.org/wiki/File:Circuito_Pedro_Cofi%C3%B1o.jpg,wikimedia,JMRAFFi,CC BY-SA 4.0,https://creativecommons.org/licenses/by-sa/4.0
autodromo-pedro-cofino-los-volcanes,2,https://upload.wikimedia.org/wikipedia/commons/1/1f/Aut%C3%B3dromo_Pedro_Cofi%C3%B1o_Escuintla_2.jpg,https://commons.wikimedia.org/wiki/File:Aut%C3%B3dromo_Pedro_Cofi%C3%B1o_Escuintla_2.jpg,wikimedia,Josuè Goge,CC BY 2.0,https://creativecommons.org/licenses/by/2.0
autodromo-internacional-ayrton-senna-goiania,1,https://upload.wikimedia.org/wikipedia/commons/3/3b/Aut%C3%B3dromo_Internacional_Ayrton_Senna_%28Goi%C3%A2nia%29-MOTO_GP_2026.jpg,https://commons.wikimedia.org/wiki/File:Aut%C3%B3dromo_Internacional_Ayrton_Senna_(Goi%C3%A2nia)-MOTO_GP_2026.jpg,wikimedia,Boaventuravinicius,CC BY 4.0,https://creativecommons.org/licenses/by/4.0
autodromo-internacional-ayrton-senna-goiania,2,https://upload.wikimedia.org/wikipedia/commons/d/de/Moto_GP_2026-_Goi%C3%A2nia.jpg,https://commons.wikimedia.org/wiki/File:Moto_GP_2026-_Goi%C3%A2nia.jpg,wikimedia,Boaventuravinicius,CC BY 4.0,https://creativecommons.org/licenses/by/4.0
broadford-motorcycle-sports-complex,1,https://upload.wikimedia.org/wikipedia/commons/5/57/Broadford01.jpg,https://commons.wikimedia.org/wiki/File:Broadford01.jpg,wikimedia,Widhibrata,Public domain,
broadford-motorcycle-sports-complex,2,https://upload.wikimedia.org/wikipedia/commons/8/87/DSC_8816_%2827288604232%29.jpg,https://commons.wikimedia.org/wiki/File:DSC_8816_(27288604232).jpg,wikimedia,"Tom Reynolds from Melbourne, Australia",CC BY 2.0,https://creativecommons.org/licenses/by/2.0
